{"cameraMode":{"drawMode":0,"name":"Shaded","section":"Shading Mode"},"sceneLighting":false,"audioPlay":false,"sceneViewState":{"m_AlwaysRefresh":false,"showFog":false,"showSkybox":false,"showFlares":true,"showImageEffects":true,"showParticleSystems":true,"showVisualEffectGraphs":true,"m_FxEnabled":true},"in2DMode":false,"pivot":{"x":17.51631736755371,"y":8.729928970336914,"z":-0.7569448947906494},"rotation":{"x":-0.14005014300346375,"y":0.052533917129039767,"z":-0.007446246221661568,"w":-0.9887363910675049},"size":0.9329712390899658,"orthographic":false}